<?xml version="1.0" ?>
<project name="Tessendorf Waves" width=1024 height=1024>
	<assets>
		<constants>
			<!--constant name="SSIZE" value=1024 /> 
			<constant name="L2SIZE" value=10 /> 
			<constant name="L2SIZE_PLUS1" value=11 /> 
			<constant name="D8SIZE" value=128 /-->
			
			<constant name="SSIZE" value=512 /> 
			<constant name="L2SIZE" value=9 /> 
			<constant name="L2SIZE_PLUS1" value=10 /> 
			<constant name="D8SIZE" value=64 />
		</constants>
		
		<attributes>
			<!-- FFT texture dim -->
			<attribute type="RENDERER" name="width" data="INT" value="SSIZE" />			
			<!-- log of width - set by lua script -->	
			<attribute type="RENDERER" name="log_width" data="INT" value="L2SIZE" /> 
			<!-- butterfly stage -->
			<attribute type="RENDERER" name="current_stage" data="INT" value="0" /> 
			<!-- pingpong status - set by lua script -->
			<attribute type="RENDERER" name="pingpong" data ="INT" value="0" /> 

			<!--attribute type="RENDERER" name="scale" data ="FLOAT" value="1" /--> 

			<!-- attribute for mipampping: current level - set by lua script -->
			<attribute type="RENDERER" name="currentLevel" data="INT" value="0" />
			<!-- random distribution -->
			<attribute type="RENDERER" name="randomDistribution" data="INT" value=1 />
			<!-- Ocean attributes -->
			<attribute type="RENDERER" name="oceanDepth" data="FLOAT" value=20 />
			<attribute type="RENDERER" name="L" data="INT" value=512 />
			
			<attribute type="RENDERER" name="spectrum" data="INT" value="1" />
			<attribute type="RENDERER" name="dispersion" data="INT" value="0" />
			<attribute type="RENDERER" name="dirSpreading" data="INT" value="0" />
			
			<attribute type="RENDERER" name="spectrumScale" data="FLOAT" value="1" />
			
			<attribute type="RENDERER" name="choppyFactor" data="FLOAT" value=1 />
			

			<!-- Spectrum parameters -->
			<attribute type="RENDERER" name="fetch" data="FLOAT" value="1200000.0" />
			<attribute type="RENDERER" name="windDir" data="VEC2" x=1 y=0 />
			<attribute type="RENDERER" name="windSpeed" data="FLOAT" value=10 />

			<!-- Directional spreading parameters -->
			<attribute type="RENDERER" name="propagate" data="INT" value=1 />			
			<attribute type="RENDERER" name="swell" data="FLOAT" value="0" />

			<!-- Occhi and Bretschneider -->
			<attribute type="RENDERER" name="Hs" data="FLOAT" value=10.0 />

			<!-- JONSWAP params -->
			<attribute type="RENDERER" name="JONSWAP_gamma" data="FLOAT" value="3.3" />
			<attribute type="RENDERER" name="JONSWAP_sigmaA" data="FLOAT" value="0.07" />
			<attribute type="RENDERER" name="JONSWAP_sigmaB" data="FLOAT" value="0.09" />
			
			<!-- Bretschneider params wm = 0.4 * sqrt(G/Hs)-->
			<attribute type="RENDERER" name="Bretschneider_wm" data="FLOAT" value="0.0" />
			
			<!-- Ochi params Ochi_wm1 = 0.7f * exp(-0.046f * Hs); 	Ochi_Hs1 = 0.84f * Hs;	
				Ochi_lambda2 = 1.54f * exp(-0.062f *  Hs);	Ochi_wm2 = 1.15f * exp(-0.039f * Hs);
				Ochi_Hs2 = 0.54f * Hs;-->
			<attribute type="RENDERER" name="Ochi_lambda1" data="FLOAT" value="3.0" />
			<attribute type="RENDERER" name="Ochi_lambda2" data="FLOAT" value="0.0" />
			<attribute type="RENDERER" name="Ochi_wm1" data="FLOAT" value="0.0" />
			<attribute type="RENDERER" name="Ochi_wm2" data="FLOAT" value="0.0" />
			<attribute type="RENDERER" name="Ochi_Hs1" data="FLOAT" value="0.0" />
			<attribute type="RENDERER" name="Ochi_Hs2" data="FLOAT" value="0.0" />

			<!-- Color parameters -->
			<attribute type="RENDERER" name="oceanType" data="INT" value="1" />
			<attribute type="RENDERER" name="oceanTrans" data="VEC3" x="98.2" y="95.8" z="57.0" />
			<attribute type="RENDERER" name="oceanFloorColor" data="VEC3" x="0.956" y="0.925" z="0.925" />
	
			<!-- sky attributes -->
			<attribute type="RENDERER" name="year" data="INT" value=2017 />
			<attribute type="RENDERER" name="month" data="INT" value=11  />
			<attribute type="RENDERER" name="day" data="INT" value=21  />
			<attribute type="RENDERER" name="decimalHour" data="FLOAT" value=9 />
			<attribute type="RENDERER" name="ordinalDay" data="INT" value=1 />
			
			<attribute type="RENDERER" name="meridian" data="INT" value=0 />
			<attribute type="RENDERER" name="latitude" data="FLOAT" value= 41.545449/>
			<attribute type="RENDERER" name="longitude" data="FLOAT" value=-8.426507/>
			<attribute type="RENDERER" name="sunAngles" data="VEC2" x=0 y=10 />
			
			
			<attribute type="RENDERER" name="hr" data="FLOAT" value=7994 />
			<attribute type="RENDERER" name="hm" data="FLOAT" value=1200 />
			<attribute type="RENDERER" name="g" data="FLOAT" value=0.98 />
			<attribute type="RENDERER" name="betaR" data="VEC3" 
								x="3.67044e-07" y="1.11688e-06" z="1.80601e-06" />
			<attribute type="RENDERER" name="waveLengths" data="VEC3" x="700" y="530" z="470" />
			<attribute type="RENDERER" name="pressure" data="FLOAT" value = "101325" />
			<attribute type="RENDERER" name="temperature" data="FLOAT" value="0" />
			<attribute type="RENDERER" name="indexOfRefraction" data = "FLOAT" value = "1.0003" />
			<attribute type="RENDERER" name="betaM" data="FLOAT" value=5.76e-7 />
			
			<attribute type="RENDERER" name="cameraMode" data="INT" value = 0 />
			<attribute type="RENDERER" name="exposure" data="FLOAT" value = 1.5 />
			<attribute type="RENDERER" name="steps light ray" data="INT" value = 8 />
			<attribute type="RENDERER" name="steps" data="INT" value = 8 />
			<attribute type="RENDERER" name="sampling" data="INT" value = 0 />
			
			<attribute type="RENDERER" name="debug" data="VEC3" x=0 y=0 z=0 />
	</attributes>
		
		<scenes>
			<scene name="Ocean" type="Scene">	
				<geometry name = "Grid" type = "GRID" material="ocean" 
							DIVISIONS=1024 LENGTH=1024 >		
				</geometry>								
			</scene>
			<scene name="Ball" >
				<geometry name = "Sphere" type = "SPHERE" material="sphere" SLICES=30 STACKS=30 /> 
			</scene>
		</scenes>
		
		<viewports>
			<viewport name="MainViewport">
				<CLEAR_COLOR r="1.0" g="1.0" b="1.0" />
			</viewport>
		</viewports>
		
		<cameras>
			<camera name="MainCamera" >
				<viewport name="MainViewport" />
				<FOV value="60.0" />
				<NEAR value="1" FAR="2000.0" />
                <POSITION x="10.3277" y="133.202" z="-171.607" w="1" />
                <VIEW x="-0.0243968" y="-0.721123" z="0.692378" w="0" />
 				<UP x="0" y="1" z="0" />
			</camera>
		</cameras>
		
		<lights>
			<light name="Sun" type="directional">
				<DIRECTION x="1.0" y="1.0" z="1.0" />
			</light>
		</lights>
		
		<materialLibs>
			<materialLib filename="tessendorf.mlib"/>
		</materialLibs> 
	</assets>

	<pipelines>
		<pipeline name="ocean" default="true" defaultCamera="MainCamera">
			<!-- sky init script -->
			<preScript script="tChanged" file="scripts/interface.lua" />
		
			<pass class="compute" name="h0">
				<mode value="RUN_ONCE" />
				<material name="fft_h0" fromLibrary="Ocean" dimX="D8SIZE" dimY="D8SIZE" dimZ=1 />
			</pass>
		
			<pass class="compute" name="pass_hkt">
				<material name="fft_hkt" fromLibrary="Ocean" dimX="D8SIZE" dimY="D8SIZE" dimZ=1/>
			</pass>
		
			<!-- inverse fourier -->
			<!-- inverse FFT horizontal pass -->
			<pass class="compute" name="ifftHorizontal"> 
				<preScript file="scripts/fft.lua" script="resetInverseFFT" />
				<testScript file="scripts/fft.lua" script="fft" TEST_MODE="RUN_WHILE" />
				<material name="fftHorizontal" fromLibrary="Ocean" dimX="D8SIZE" dimY="D8SIZE" dimZ=1 />
			</pass>
			
			<!-- inverse FFT vertical pass -->
			<pass class="compute" name="ifftVertical"> 
				<preScript file="scripts/fft.lua" script="resetInverseVertical" />
				<testScript file="scripts/fft.lua" script="fft" TEST_MODE="RUN_WHILE" />
				<material name="fftVertical" fromLibrary="Ocean" dimX="D8SIZE" dimY="D8SIZE" dimZ=1 />
			</pass>
						
			<pass class="default" name="oceanGrid" >
				<preProcess>
					<texture name="hkt" fromLibrary="Ocean" MIPMAP=true />
					<!--texture name="voronoi" fromLibrary="Ocean" MIPMAP=true /-->
				</preProcess>
				<scenes>
					<scene name="Ocean" />
				</scenes>
				<camera name="MainCamera" />
				<lights>
					<light name="Sun" />
				</lights>
				<materialMaps>
					<map fromMaterial="ocean" toLibrary="Ocean" toMaterial="ocean" />
				</materialMaps>
			</pass>
			
			<pass class="default" name="ball" >
				<COLOR_CLEAR value=false />
				<DEPTH_CLEAR value=false />
				<scenes>
					<scene name="Ball" />
				</scenes>
				<camera name="MainCamera" />
				<viewport name="MainViewport" />
				<lights>
					<light name="Sun" />
				</lights>
				<materialMaps>
					<map fromMaterial="sphere" toLibrary="Ocean" toMaterial="lambert" />
				</materialMaps>
			
			</pass>
		</pipeline>
	</pipelines>
	
	<interface>
		<window label="Ocean">
			<var label="L" type="RENDERER" context="CURRENT"
			     component="L" def="min=1 max=8192 step=1" 
				 script="oceanConfigChanged" scriptFile="scripts/ocean.lua"/>
				 
			<var label="Random Dist." type="RENDERER" context="CURRENT"
				 component="randomDistribution" 
				 strings="Uniform,Normal,Log,Exp"
				 script="oceanConfigChanged" scriptFile="scripts/ocean.lua"/>

			<var label="Spectrum" type="RENDERER" context="CURRENT"
				 component="spectrum" 
				 strings="Phillips,Pierson-Moskowitz,JONSWAP,Donelan J.,TMA,Unified,Pierson Moskowitz Hs,Bretschneider,Ochi,Ochi Hs"
				 script="oceanConfigChanged" scriptFile="scripts/ocean.lua"/>
				 
			<var label="Dispersion" type="RENDERER" context="CURRENT"
				 component="dispersion" 
				 strings="Deep,Shallow,Capillary"
				 script="oceanConfigChanged" scriptFile="scripts/ocean.lua"/>
				 
			<var label="Dir Spreading" type="RENDERER" context="CURRENT"
				 component="dirSpreading" 
				 strings="Cosine Power,Mitsuyasu,Hasselmann,Donelan-Banner,Horvath - Mitsuyasu,Horvath - Hasselman,Horvath - Donelan-Banner"
				 script="oceanConfigChanged" scriptFile="scripts/ocean.lua"/>
				 
			<var label="sp. scale" type="RENDERER" context="CURRENT"
			     component="spectrumScale" def="min=0.1 max=100 step=0.02" 
				 script="oceanConfigChanged" scriptFile="scripts/ocean.lua"/>
				 
			<var label="Wind Dir" type="RENDERER" context="CURRENT"
			     component="windDir"  
				 script="oceanConfigChanged" scriptFile="scripts/ocean.lua"/>
				 
			<var label="Wind Speed" type="RENDERER" context="CURRENT"
			     component="windSpeed" def="min=1 max=1000 step=1" 
				 script="oceanConfigChanged" scriptFile="scripts/ocean.lua"/>
				 
			<var label="Chopiness" type="RENDERER" context="CURRENT"
			     component="choppyFactor" def="min=0 max=10 step=0.1" />

			<var label="Propagate Waves" type="RENDERER" context="CURRENT"
			     component="propagate"  def="min=0 max=1"
				 script="oceanConfigChanged" scriptFile="scripts/ocean.lua"/>
				 
			<var label="Ocean Depth" type="RENDERER" context="CURRENT"
			     component="oceanDepth" def="min=0.1 max=1000 step=0.1" 
				 script="oceanConfigChanged" scriptFile="scripts/ocean.lua"/>
				 
			<var label="Horvath Swell" type="RENDERER" context="CURRENT"
			     component="swell" def="min=0 max=1 step=0.01" 
				 script="oceanConfigChanged" scriptFile="scripts/ocean.lua"/>
				 

			<var label="JONSWAP fetch" type="RENDERER" context="CURRENT"
			     component="fetch" def="min=100000 max=10000000 step=10000" 
				 script="oceanConfigChanged" scriptFile="scripts/ocean.lua"/>
				 
			<var label="JONSWAP gamma" type="RENDERER" context="CURRENT"
			     component="JONSWAP_gamma" def="min=1 max=7 step=0.01" 
				 script="oceanConfigChanged" scriptFile="scripts/ocean.lua"/>
				 
			<var label="JONSWAP sigma A" type="RENDERER" context="CURRENT"
			     component="JONSWAP_sigmaA" def="min=0.001 max=5 step=0.001" 
				 script="oceanConfigChanged" scriptFile="scripts/ocean.lua"/>
				 
			<var label="JONSWAP sigma B" type="RENDERER" context="CURRENT"
			     component="JONSWAP_sigmaB" def="min=0.001 max=5 step=0.001" 
				 script="oceanConfigChanged" scriptFile="scripts/ocean.lua"/>
				 
			<var label="Hs" type="RENDERER" context="CURRENT"
			     component="Hs" def="min=0.1 max=100 step=0.1" 
				 script="oceanConfigChanged" scriptFile="scripts/ocean.lua"/>
				 
			<var label="Bretschneider wm" type="RENDERER" context="CURRENT"
			     component="Bretschneider_wm" def="min=0.001 max=5 step=0.001" 
				 script="oceanConfigChanged" scriptFile="scripts/ocean.lua"/>
				 
			<var label="Ochi lambda1" type="RENDERER" context="CURRENT"
			     component="Ochi_lambda1" def="min=0.001 max=10 step=0.001" 
				 script="oceanConfigChanged" scriptFile="scripts/ocean.lua"/>
				 
			<var label="Ochi Hs A" type="RENDERER" context="CURRENT"
			     component="Ochi_Hs1" def="min=0.1 max=100 step=0.1" 
				 script="oceanConfigChanged" scriptFile="scripts/ocean.lua"/>
				 
			<var label="Ochi wm A" type="RENDERER" context="CURRENT"
			     component="Ochi_wm1" def="min=0.01 max=2 step=0.1" 
				 script="oceanConfigChanged" scriptFile="scripts/ocean.lua"/>
				 
			<var label="Ochi lambda A" type="RENDERER" context="CURRENT"
			     component="Ochi_lambda2" def="min=0.001 max=10 step=0.001" 
				 script="oceanConfigChanged" scriptFile="scripts/ocean.lua"/>

			<var label="Ochi Hs B" type="RENDERER" context="CURRENT"
			     component="Ochi_Hs2" def="min=0.1 max=100 step=0.1" 
				 script="oceanConfigChanged" scriptFile="scripts/ocean.lua"/>
				 
			<var label="Ochi wm B" type="RENDERER" context="CURRENT"
			     component="Ochi_wm2" def="min=0.01 max=2 step=0.1" 
				 script="oceanConfigChanged" scriptFile="scripts/ocean.lua"/>
			
				 
			<var label="Ocean Type" type="RENDERER" context="CURRENT"
				 component="oceanType" def="min=1 max=10 step=1" 
				 script="oceanTypeChanged" scriptFile="scripts/ocean.lua"/>
				 
			<var label="Ocean Trans." type="RENDERER" context="CURRENT" 
				 component="oceanTrans"  /> 	 
		</window>
	</interface>	
	
</project>		